text,label
I love this service and fast delivery,positive
Amazing app experience and smooth order,positive
Great support team helped quickly,positive
Worst delivery ever and rude staff,negative
Very bad app crashes often,negative
I hate the poor customer support,negative
The service was okay nothing special,neutral
Average experience today,neutral
Product is fine and acceptable,neutral
I love this service and fast delivery,positive
Amazing app experience and smooth order,positive
Great support team helped quickly,positive
Worst delivery ever and rude staff,negative
Very bad app crashes often,negative
I hate the poor customer support,negative
The service was okay nothing special,neutral
Average experience today,neutral
Product is fine and acceptable,neutral
I love this service and fast delivery,positive
Amazing app experience and smooth order,positive
Great support team helped quickly,positive
Worst delivery ever and rude staff,negative
Very bad app crashes often,negative
I hate the poor customer support,negative
The service was okay nothing special,neutral
Average experience today,neutral
Product is fine and acceptable,neutral
I love this service and fast delivery,positive
Amazing app experience and smooth order,positive
Great support team helped quickly,positive
Worst delivery ever and rude staff,negative
Very bad app crashes often,negative
I hate the poor customer support,negative
The service was okay nothing special,neutral
Average experience today,neutral
Product is fine and acceptable,neutral
I love this service and fast delivery,positive
Amazing app experience and smooth order,positive
Great support team helped quickly,positive
Worst delivery ever and rude staff,negative
Very bad app crashes often,negative
I hate the poor customer support,negative
The service was okay nothing special,neutral
Average experience today,neutral
Product is fine and acceptable,neutral
I love this service and fast delivery,positive
Amazing app experience and smooth order,positive
Great support team helped quickly,positive
Worst delivery ever and rude staff,negative
Very bad app crashes often,negative
I hate the poor customer support,negative
The service was okay nothing special,neutral
Average experience today,neutral
Product is fine and acceptable,neutral
I love this service and fast delivery,positive
Amazing app experience and smooth order,positive
Great support team helped quickly,positive
Worst delivery ever and rude staff,negative
Very bad app crashes often,negative
I hate the poor customer support,negative
The service was okay nothing special,neutral
Average experience today,neutral
Product is fine and acceptable,neutral
I love this service and fast delivery,positive
Amazing app experience and smooth order,positive
Great support team helped quickly,positive
Worst delivery ever and rude staff,negative
Very bad app crashes often,negative
I hate the poor customer support,negative
The service was okay nothing special,neutral
Average experience today,neutral
Product is fine and acceptable,neutral
I love this service and fast delivery,positive
Amazing app experience and smooth order,positive
Great support team helped quickly,positive
Worst delivery ever and rude staff,negative
Very bad app crashes often,negative
I hate the poor customer support,negative
The service was okay nothing special,neutral
Average experience today,neutral
Product is fine and acceptable,neutral
I love this service and fast delivery,positive
Amazing app experience and smooth order,positive
Great support team helped quickly,positive
Worst delivery ever and rude staff,negative
Very bad app crashes often,negative
I hate the poor customer support,negative
The service was okay nothing special,neutral
Average experience today,neutral
Product is fine and acceptable,neutral
I love this service and fast delivery,positive
Amazing app experience and smooth order,positive
Great support team helped quickly,positive
Worst delivery ever and rude staff,negative
Very bad app crashes often,negative
I hate the poor customer support,negative
The service was okay nothing special,neutral
Average experience today,neutral
Product is fine and acceptable,neutral
I love this service and fast delivery,positive
Amazing app experience and smooth order,positive
Great support team helped quickly,positive
Worst delivery ever and rude staff,negative
Very bad app crashes often,negative
I hate the poor customer support,negative
The service was okay nothing special,neutral
Average experience today,neutral
Product is fine and acceptable,neutral
I love this service and fast delivery,positive
Amazing app experience and smooth order,positive
Great support team helped quickly,positive
Worst delivery ever and rude staff,negative
Very bad app crashes often,negative
I hate the poor customer support,negative
The service was okay nothing special,neutral
Average experience today,neutral
Product is fine and acceptable,neutral
I love this service and fast delivery,positive
Amazing app experience and smooth order,positive
Great support team helped quickly,positive
Worst delivery ever and rude staff,negative
Very bad app crashes often,negative
I hate the poor customer support,negative
The service was okay nothing special,neutral
Average experience today,neutral
Product is fine and acceptable,neutral
I love this service and fast delivery,positive
Amazing app experience and smooth order,positive
Great support team helped quickly,positive
Worst delivery ever and rude staff,negative
Very bad app crashes often,negative
I hate the poor customer support,negative
The service was okay nothing special,neutral
Average experience today,neutral
Product is fine and acceptable,neutral
I love this service and fast delivery,positive
Amazing app experience and smooth order,positive
Great support team helped quickly,positive
Worst delivery ever and rude staff,negative
Very bad app crashes often,negative
I hate the poor customer support,negative
The service was okay nothing special,neutral
Average experience today,neutral
Product is fine and acceptable,neutral
I love this service and fast delivery,positive
Amazing app experience and smooth order,positive
Great support team helped quickly,positive
Worst delivery ever and rude staff,negative
Very bad app crashes often,negative
I hate the poor customer support,negative
The service was okay nothing special,neutral
Average experience today,neutral
Product is fine and acceptable,neutral
I love this service and fast delivery,positive
Amazing app experience and smooth order,positive
Great support team helped quickly,positive
Worst delivery ever and rude staff,negative
Very bad app crashes often,negative
I hate the poor customer support,negative
The service was okay nothing special,neutral
Average experience today,neutral
Product is fine and acceptable,neutral
I love this service and fast delivery,positive
Amazing app experience and smooth order,positive
Great support team helped quickly,positive
Worst delivery ever and rude staff,negative
Very bad app crashes often,negative
I hate the poor customer support,negative
The service was okay nothing special,neutral
Average experience today,neutral
Product is fine and acceptable,neutral
I love this service and fast delivery,positive
Amazing app experience and smooth order,positive
Great support team helped quickly,positive
Worst delivery ever and rude staff,negative
Very bad app crashes often,negative
I hate the poor customer support,negative
The service was okay nothing special,neutral
Average experience today,neutral
Product is fine and acceptable,neutral
